{"train_loss": 0.35357232093811036, "_timestamp": 1727453865.8834288, "_runtime": 30.092949867248535, "_step": 9, "test_loss": 0.33456257689977065, "accuracy": 0.8411756157875061, "iou": 0.7251946601554996, "_wandb": {"runtime": 28}}