{"train_loss": 0.5967123329639434, "_timestamp": 1727454771.8688579, "_runtime": 24.665552854537964, "_step": 9, "val_loss": 0.3988005063089076, "val_acc": 0.7411284446716309, "val_iou": 0.5874078402912318, "_wandb": {"runtime": 23}}