{"_runtime":5933.9931967,"_step":199,"val_loss":0.27268077033920024,"val_acc":0.8907345533370972,"val_iou":0.3500950811127735,"_wandb":{"runtime":5934},"train_loss":0.18619250819374963,"_timestamp":1.727515091317201e+09}