{
    "test": {
        "f1": 0.7336671219025106,
        "mcc": 0.28436987940914377,
        "empirical coverage": 0.9422382671480144,
        "average set size": 1.635379061371841
    }
}
