{
    "model_saving_score": 0.30583918231312623,
    "Train loss": 0.18416439543162733,
    "Val_loss": 0.4415263682603836
}
