{
    "model_saving_score": 0.5076080348996806,
    "Train loss": 0.16713298112154004,
    "Val_loss": 0.17734978844722116
}
