{
    "test": {
        "f1": 0.7199144243787264,
        "mcc": 0.24030660040237986,
        "empirical coverage": 0.9350180505415162,
        "average set size": 1.5776173285198556
    }
}
