{
    "model_saving_score": 0.563959819030692,
    "Train loss": 0.33474896838386897,
    "Val_loss": 0.30648405077087904
}
