{
    "model_saving_score": 0.3455027674699755,
    "Train loss": 0.22845544040628937,
    "Val_loss": 0.467971635849183
}
