{
    "model_saving_score": 0.5665947690650017,
    "Train loss": 0.13724367953836916,
    "Val_loss": 0.1791080410281817
}
