{"_wandb":{"runtime":16704},"_runtime":16704.9527331,"_step":99,"train_loss":0.2329777646220647,"_timestamp":1.7276108019402366e+09,"val_acc":0.8462793827056885,"val_iou":0.629126164460683,"val_loss":0.28800549026975575}