{"val_loss":0.2245611894296168,"_wandb":{"runtime":34105},"train_loss":0.21431716769424944,"_timestamp":1.7275909298087935e+09,"_runtime":34105.1293308,"_step":199,"val_acc":0.8735448718070984,"val_iou":0.6937483224313309}