{
    "model_saving_score": 0.43150843866392957,
    "Train loss": 0.12616703771054744,
    "Val_loss": 0.17621717270877627,
    "step": 29
}
