{"_runtime":7954.1446775,"_step":599,"val_acc":0.9065759181976318,"val_iou":4.3272412564272264e-05,"val_loss":2.0023066759109494,"_wandb":{"runtime":7954},"train_loss":0.06313804622914175,"_timestamp":1.7294252861356108e+09}