{"_wandb":{"runtime":34875},"train_loss":0.201680787119071,"_timestamp":1.7274909356636336e+09,"_runtime":34875.5465148,"_step":199,"val_loss":0.2309735533934541,"val_acc":0.8682000041007996,"val_iou":0.6891725354069822}