{"train_loss": 0.3163973808288574, "_timestamp": 1727453627.2015023, "_runtime": 30.38591241836548, "_step": 9, "test_loss": 0.27962067918851974, "accuracy": 0.9094811081886292, "iou": 0.8519208927374435, "_wandb": {"runtime": 49}}