{
    "model_saving_score": 0.5371529024857983,
    "Train loss": 0.1391548804938793,
    "Val_loss": 0.16649344315131503
}
