{"train_loss":0.07856102374328042,"_timestamp":1.7293854846790118e+09,"_runtime":118281.5651313,"_step":299,"val_acc":0.7973672151565552,"val_iou":0.7482437694177233,"val_loss":0.6574747343894719,"_wandb":{"runtime":118281}}