{"train_loss":0.20301176590681744,"_timestamp":1.7293904815652862e+09,"_runtime":3073.5370188,"_step":199,"val_loss":0.30337245464324947,"val_acc":0.9429165124893188,"val_iou":0.4532860599411505,"_wandb":{"runtime":3073}}