{"val_loss":0.3280142102099801,"val_acc":0.8768776655197144,"val_iou":0.369510898533132,"_wandb":{"runtime":2414},"train_loss":0.23252992423537552,"_timestamp":1.7276140716406531e+09,"_runtime":2359.0180217,"_step":89}