{"val_iou":0.26024766662660503,"_wandb":{"runtime":2545},"train_loss":0.17596138509334638,"_timestamp":1.7291632746638873e+09,"_runtime":2545.1538028,"_step":199,"val_loss":0.41089500784873967,"val_acc":0.9221485257148743}