{"train_loss":0.21343244686881496,"_timestamp":1.7276199387873755e+09,"val_loss":0.2528243534173378,"val_acc":0.892668604850769,"val_iou":0.5477306320081279,"_wandb":{"runtime":5635},"_runtime":5635.710033,"_step":299}