{"_wandb":{"runtime":249},"train_loss":0.2575054721887059,"_timestamp":1.7275940246217732e+09,"_runtime":232.9245441,"_step":0}