temporal_variance_p25,temporal_variance_p5,temporal_variance_p50,temporal_variance_p75,temporal_variance_p95,scenes,label
9.81454910256278e-08,9.81454910256278e-08,9.81454910256278e-08,9.81454910256278e-08,9.81454910256278e-08,"['LC08_160092_20181105', 'LC08_160092_20181121', 'LC08_160092_20181207', 'LC08_160093_20181105', 'LC08_160093_20181121', 'LC08_160093_20181207']",0
