temporal_variance_p25,temporal_variance_p5,temporal_variance_p50,temporal_variance_p75,temporal_variance_p95,scenes
0.00170983416163549,0.00170983416163549,0.00170983416163549,0.00170983416163549,0.0022729440194140917,"['LC08_168082_20210614', 'LC08_168082_20210630', 'LC08_169082_20210621', 'LC08_169082_20210707']"
0.0004443137573303502,0.0004443137573303502,0.0004443137573303502,0.0004443137573303502,0.0004443137573303502,"['LC08_168081_20210614', 'LC08_168081_20210630', 'LC08_168082_20210614', 'LC08_168082_20210630']"
8.261786436803628e-05,8.261786436803628e-05,8.261786436803628e-05,0.005818897232679308,0.005818897232679308,"['LC08_169082_20210621', 'LC08_169082_20210707', 'LC08_170082_20210612', 'LC08_170082_20210628']"
