{
    "model_saving_score": 0.493409223257747,
    "Train loss": 0.13036011010408402,
    "Val_loss": 0.13012169715431002,
    "step": 14
}
