{"_step":299,"train_loss":0.21188137474641344,"_timestamp":1.729416039106022e+09,"val_loss":0.4384963452816009,"val_acc":0.837364912033081,"val_iou":0.2975258043873684,"_wandb":{"runtime":4043},"_runtime":4043.9216306}