{"_timestamp":1.7291178679969428e+09,"_runtime":32435.8528655,"_step":199,"val_loss":0.1303779547767458,"val_acc":0.9460844993591309,"val_iou":0.4052932524354425,"_wandb":{"runtime":32435},"train_loss":0.07427937546341708}