{"train_loss": 0.3309373618634952, "_timestamp": 1727455905.6618412, "_runtime": 1004.5961761474609, "_step": 5, "val_loss": 0.3456359476974517, "val_acc": 0.8080830574035645, "val_iou": 0.5782718799683643}