{"train_loss": 0.3990302890539169, "_timestamp": 1727452283.2401116, "_runtime": 338.33043670654297, "_step": 71, "test_loss": 0.3902900815010071, "accuracy": 0.902205765247345, "iou": 0.3662871500170123, "_wandb": {"runtime": 356}}