{"test_loss": 0.30648405077087904, "_timestamp": 1727451168.195793, "_runtime": 4107.2758638858795, "_step": 7, "accuracy": 0.8528127670288086, "iou": 0.563959819030692, "_wandb": {"runtime": 4873}}